[
  {
    "name": "Teach Me How to Dougie",
    "artist": "Cali Swag District",
    "fileName": "dougie-crop.wav"
  },
  {
    "name": "Could've Been (Tik Tok Remix)",
    "artist": "H.E.R.",
    "fileName": "her-crop.wav"
  },
  {
    "name": "On Me",
    "artist": "Lil Baby",
    "fileName": "lil-baby-crop.wav"
  },
  {
    "name": "Mo Money Mo Problems",
    "artist": "Notorios BIG",
	  "fileName": "biggie-crop.wav"
  },
  {
    "name": "Industry Baby",
    "artist": "Lil Nas X",
    "fileName": "lil-nas-x-crop.wav"
  }
]